INSERT INTO `mathilda_db`.`product_type` (`name`) VALUES ('Serviette');
INSERT INTO `mathilda_db`.`product_type` (`name`) VALUES ('Torchon');
INSERT INTO `mathilda_db`.`product_type` (`name`) VALUES ('Nappe');
INSERT INTO `mathilda_db`.`status` (`id`, `name`) VALUES ('1', 'En attente');
INSERT INTO `mathilda_db`.`status` (`id`, `name`) VALUES ('2', 'Annulée');
INSERT INTO `mathilda_db`.`status` (`id`, `name`) VALUES ('3', 'Validée');
INSERT INTO `mathilda_db`.`status` (`id`, `name`) VALUES ('4', 'Envoyée');
INSERT INTO `mathilda_db`.`status` (`id`, `name`) VALUES ('5', 'Reçue');
INSERT INTO `mathilda_db`.`status` (`id`, `name`) VALUES ('6', 'Retour-renvoyée');
INSERT INTO `mathilda_db`.`status` (`id`, `name`) VALUES ('7', 'Retournée');
INSERT INTO `mathilda_db`.`pay_mode` (`id`, `name`) VALUES ('1', 'Carte Bleue');
INSERT INTO `mathilda_db`.`pay_mode` (`id`, `name`) VALUES ('2', 'Paypal');
INSERT INTO `mathilda_db`.`vat` (`id`, `rate`) VALUES ('1', '0.2');
INSERT INTO `mathilda_db`.`vat` (`id`, `rate`) VALUES ('2', '0.15');
INSERT INTO `mathilda_db`.`vat` (`id`, `rate`) VALUES ('3', '0.055');
INSERT INTO `mathilda_db`.`vat` (`id`, `rate`) VALUES ('4', '0.021');
INSERT INTO `mathilda_db`.`vat` (`id`, `rate`) VALUES ('5', '0.0');
INSERT INTO `mathilda_db`.`user_type` (`id`, `name`) VALUES ('1', 'Gérant');
INSERT INTO `mathilda_db`.`user_type` (`id`, `name`) VALUES ('2', 'Administrateur');
INSERT INTO `mathilda_db`.`user_type` (`id`, `name`) VALUES ('3', 'Client');
INSERT INTO `mathilda_db`.`gender` (`id`, `name`) VALUES ('1', 'Femme');
INSERT INTO `mathilda_db`.`gender` (`id`, `name`) VALUES ('2', 'Homme');
INSERT INTO `mathilda_db`.`gender` (`id`, `name`) VALUES ('3', 'Autre');
INSERT INTO `mathilda_db`.`city` (`id`, `name`, `zip_code`) VALUES ('1', 'Bordeaux', '33000');
INSERT INTO `mathilda_db`.`city` (`id`, `name`, `zip_code`) VALUES ('2', 'Avignon', '84000');
INSERT INTO `mathilda_db`.`city` (`id`, `name`, `zip_code`) VALUES ('3', 'Lyon', '69000');
INSERT INTO `mathilda_db`.`user` (`id`, `email`, `login`, `password`, `subscribing_date`, `gender_id`, `user_type_id`) VALUES ('1', 'gerant@gmail.com', 'gerant', 'gerant', '2021-01-01', '2', '1');
INSERT INTO `mathilda_db`.`user` (`id`, `email`, `login`, `password`, `subscribing_date`, `gender_id`, `user_type_id`) VALUES ('2', 'admin@gmail.com', 'admin', 'admin', '2021-01-01', '3', '2');
INSERT INTO `mathilda_db`.`user` (`id`, `birth_date`, `email`, `login`, `name`, `password`, `phone_number`, `subscribing_date`, `surname`, `gender_id`, `user_type_id`) VALUES ('3', '1883-08-19', 'coco.chanel@gmail.com', 'coco', 'Chanel', 'coco', '01-02-03-04-05', '2021-02-01', 'Coco', '1', '3');
INSERT INTO `mathilda_db`.`user` (`id`, `birth_date`, `email`, `login`, `name`, `password`, `phone_number`, `subscribing_date`, `surname`, `gender_id`, `user_type_id`) VALUES ('4', '1933-09-10', 'karl.lagerfeld@gmail.com', 'karl', 'Lagerfeld', 'karl', '02-03-04-05-06', '2021-02-03', 'Karl', '2', '3');
INSERT INTO `mathilda_db`.`user` (`id`, `birth_date`, `email`, `login`, `name`, `password`, `phone_number`, `subscribing_date`, `surname`, `gender_id`, `user_type_id`) VALUES ('5', '1953-04-24', 'jeanpaul.gaultier@gmail.com', 'jeanpaul', 'Gaultier', 'jeanpaul', '03-04-05-06-07', '2021-02-04', 'Jean-Paul', '2', '3');
INSERT INTO `mathilda_db`.`user` (`id`, `birth_date`, `email`, `login`, `name`, `password`, `phone_number`, `subscribing_date`, `surname`, `unsubscribing_date`, `gender_id`, `user_type_id`) VALUES ('6', '1905-01-21', 'christian.dior@gmail.com', 'christian', 'Dior', 'christian', '04-05-06-07-08', '2021-01-02', 'Christian', '2021-03-01', '2', '3');
INSERT INTO `mathilda_db`.`address` (`id`, `name`, `street`, `city_id`, `user_id`) VALUES ('1', 'address1', '23 avenue de Merignac', '1', '3');
INSERT INTO `mathilda_db`.`address` (`id`, `name`, `street`, `city_id`, `user_id`) VALUES ('2', 'address2', '12 place Gambetta', '1', '3');
INSERT INTO `mathilda_db`.`address` (`id`, `name`, `street`, `city_id`, `user_id`) VALUES ('3', 'address1', '14 rue Saint Catherine', '1', '4');
INSERT INTO `mathilda_db`.`address` (`id`, `name`, `street`, `city_id`, `user_id`) VALUES ('4', 'address2', '125 rue Carnot', '2', '4');
INSERT INTO `mathilda_db`.`address` (`id`, `name`, `street`, `city_id`, `user_id`) VALUES ('5', 'address1', '36 rue Gasparin', '3', '5');
INSERT INTO `mathilda_db`.`address` (`id`, `name`, `street`, `city_id`, `user_id`) VALUES ('6', 'address1', '25 rue Thiers', '2', '6');
INSERT INTO `mathilda_db`.`color` (`label`, `reference`) VALUES ('rouge', '01');
INSERT INTO `mathilda_db`.`color` (`label`, `reference`) VALUES ('bleu', '02');
INSERT INTO `mathilda_db`.`color` (`label`, `reference`) VALUES ('doré', '03');
INSERT INTO `mathilda_db`.`pattern` (`label`, `reference`) VALUES ('Habit', '01');
INSERT INTO `mathilda_db`.`pattern` (`label`, `reference`) VALUES ('Robe', '02');
INSERT INTO `mathilda_db`.`pattern` (`label`, `reference`) VALUES ('Paniers', '03');
INSERT INTO `mathilda_db`.`pattern` (`label`, `reference`) VALUES ('Gilet', '04');
INSERT INTO `mathilda_db`.`pattern` (`label`, `reference`) VALUES ('Corps piqué', '05');
INSERT INTO `mathilda_db`.`location` (`label`) VALUES ('1');
INSERT INTO `mathilda_db`.`location` (`label`) VALUES ('2');
INSERT INTO `mathilda_db`.`location` (`label`) VALUES ('3');
INSERT INTO `mathilda_db`.`location` (`label`) VALUES ('4');
INSERT INTO `mathilda_db`.`location` (`label`) VALUES ('5');
INSERT INTO `mathilda_db`.`location` (`label`) VALUES ('6');
