INSERT INTO `mathilda_db`.`product_type` (`name`) VALUES ('Nappe');
INSERT INTO `mathilda_db`.`product_type` (`name`, `height`, `weight`, `width`) VALUES ('Serviette', '44', '0.150', '44');
INSERT INTO `mathilda_db`.`product_type` (`name`, `height`, `weight`, `width`) VALUES ('Torchon', '70', '0.300', '70');
INSERT INTO `mathilda_db`.`status` (`id`, `name`) VALUES ('1', 'En attente');
INSERT INTO `mathilda_db`.`status` (`id`, `name`) VALUES ('2', 'Annulée');
INSERT INTO `mathilda_db`.`status` (`id`, `name`) VALUES ('3', 'Validée');
INSERT INTO `mathilda_db`.`status` (`id`, `name`) VALUES ('4', 'Envoyée');
INSERT INTO `mathilda_db`.`status` (`id`, `name`) VALUES ('5', 'Reçue');
INSERT INTO `mathilda_db`.`status` (`id`, `name`) VALUES ('6', 'Retour-renvoyée');
INSERT INTO `mathilda_db`.`status` (`id`, `name`) VALUES ('7', 'Retournée');
INSERT INTO `mathilda_db`.`pay_mode` (`id`, `name`) VALUES ('1', 'Carte Bleue');
INSERT INTO `mathilda_db`.`pay_mode` (`id`, `name`) VALUES ('2', 'Paypal');
INSERT INTO `mathilda_db`.`vat` (`id`, `rate`) VALUES ('1', '0.2');
INSERT INTO `mathilda_db`.`vat` (`id`, `rate`) VALUES ('2', '0.15');
INSERT INTO `mathilda_db`.`vat` (`id`, `rate`) VALUES ('3', '0.055');
INSERT INTO `mathilda_db`.`vat` (`id`, `rate`) VALUES ('4', '0.021');
INSERT INTO `mathilda_db`.`vat` (`id`, `rate`) VALUES ('5', '0.0');
INSERT INTO `mathilda_db`.`user_type` (`id`, `name`) VALUES ('1', 'Gérant');
INSERT INTO `mathilda_db`.`user_type` (`id`, `name`) VALUES ('2', 'Administrateur');
INSERT INTO `mathilda_db`.`user_type` (`id`, `name`) VALUES ('3', 'Client');
INSERT INTO `mathilda_db`.`gender` (`id`, `name`) VALUES ('1', 'Femme');
INSERT INTO `mathilda_db`.`gender` (`id`, `name`) VALUES ('2', 'Homme');
INSERT INTO `mathilda_db`.`gender` (`id`, `name`) VALUES ('3', 'Autre');
INSERT INTO `mathilda_db`.`city` (`id`, `name`, `zip_code`) VALUES ('1', 'Bordeaux', '33000');
INSERT INTO `mathilda_db`.`city` (`id`, `name`, `zip_code`) VALUES ('2', 'Avignon', '84000');
INSERT INTO `mathilda_db`.`city` (`id`, `name`, `zip_code`) VALUES ('3', 'Lyon', '69000');
INSERT INTO `mathilda_db`.`user` (`id`, `email`, `login`, `password`, `subscribing_date`, `gender_id`, `user_type_id`) VALUES ('1', 'gerant@gmail.com', 'gerant', 'gerant', '2021-01-01', '2', '1');
INSERT INTO `mathilda_db`.`user` (`id`, `email`, `login`, `password`, `subscribing_date`, `gender_id`, `user_type_id`) VALUES ('2', 'admin@gmail.com', 'admin', 'admin', '2021-01-01', '3', '2');
INSERT INTO `mathilda_db`.`user` (`id`, `birth_date`, `email`, `login`, `name`, `password`, `phone_number`, `subscribing_date`, `surname`, `gender_id`, `user_type_id`) VALUES ('3', '1883-08-19', 'coco.chanel@gmail.com', 'coco', 'Chanel', 'coco', '01-02-03-04-05', '2021-02-01', 'Coco', '1', '3');
INSERT INTO `mathilda_db`.`user` (`id`, `birth_date`, `email`, `login`, `name`, `password`, `phone_number`, `subscribing_date`, `surname`, `gender_id`, `user_type_id`) VALUES ('4', '1933-09-10', 'karl.lagerfeld@gmail.com', 'karl', 'Lagerfeld', 'karl', '02-03-04-05-06', '2021-02-03', 'Karl', '2', '3');
INSERT INTO `mathilda_db`.`user` (`id`, `birth_date`, `email`, `login`, `name`, `password`, `phone_number`, `subscribing_date`, `surname`, `gender_id`, `user_type_id`) VALUES ('5', '1953-04-24', 'jeanpaul.gaultier@gmail.com', 'jeanpaul', 'Gaultier', 'jeanpaul', '03-04-05-06-07', '2021-02-04', 'Jean-Paul', '2', '3');
INSERT INTO `mathilda_db`.`user` (`id`, `birth_date`, `email`, `login`, `name`, `password`, `phone_number`, `subscribing_date`, `surname`, `unsubscribing_date`, `gender_id`, `user_type_id`) VALUES ('6', '1905-01-21', 'christian.dior@gmail.com', 'christian', 'Dior', 'christian', '04-05-06-07-08', '2021-01-02', 'Christian', '2021-03-01', '2', '3');
INSERT INTO `mathilda_db`.`address` (`id`, `name`, `street`, `city_id`, `user_id`) VALUES ('1', 'address1', '23 avenue de Merignac', '1', '3');
INSERT INTO `mathilda_db`.`address` (`id`, `name`, `street`, `city_id`, `user_id`) VALUES ('2', 'address2', '12 place Gambetta', '1', '3');
INSERT INTO `mathilda_db`.`address` (`id`, `name`, `street`, `city_id`, `user_id`) VALUES ('3', 'address1', '14 rue Saint Catherine', '1', '4');
INSERT INTO `mathilda_db`.`address` (`id`, `name`, `street`, `city_id`, `user_id`) VALUES ('4', 'address2', '125 rue Carnot', '2', '4');
INSERT INTO `mathilda_db`.`address` (`id`, `name`, `street`, `city_id`, `user_id`) VALUES ('5', 'address1', '36 rue Gasparin', '3', '5');
INSERT INTO `mathilda_db`.`address` (`id`, `name`, `street`, `city_id`, `user_id`) VALUES ('6', 'address1', '25 rue Thiers', '2', '6');
INSERT INTO `mathilda_db`.`color` (`label`, `reference`) VALUES ('rouge', '01');
INSERT INTO `mathilda_db`.`color` (`label`, `reference`) VALUES ('bleu', '02');
INSERT INTO `mathilda_db`.`color` (`label`, `reference`) VALUES ('doré', '03');
INSERT INTO `mathilda_db`.`pattern` (`label`, `reference`) VALUES ('Habit', '01');
INSERT INTO `mathilda_db`.`pattern` (`label`, `reference`) VALUES ('Robe', '02');
INSERT INTO `mathilda_db`.`pattern` (`label`, `reference`) VALUES ('Paniers', '03');
INSERT INTO `mathilda_db`.`pattern` (`label`, `reference`) VALUES ('Gilet', '04');
INSERT INTO `mathilda_db`.`pattern` (`label`, `reference`) VALUES ('Corps piqué', '05');
INSERT INTO `mathilda_db`.`location` (`label`) VALUES ('1');
INSERT INTO `mathilda_db`.`location` (`label`) VALUES ('2');
INSERT INTO `mathilda_db`.`location` (`label`) VALUES ('3');
INSERT INTO `mathilda_db`.`location` (`label`) VALUES ('4');
INSERT INTO `mathilda_db`.`location` (`label`) VALUES ('5');
INSERT INTO `mathilda_db`.`location` (`label`) VALUES ('6');
INSERT INTO `mathilda_db`.`photo` (`description`, `path`) VALUES ('torchon_habit_1', 't_h_1.jpg');
INSERT INTO `mathilda_db`.`photo` (`description`, `path`) VALUES ('torchon_habit_2', 't_h_2.jpg');
INSERT INTO `mathilda_db`.`photo` (`description`, `path`) VALUES ('torchon_habit_3', 't_h_3.jpg');
INSERT INTO `mathilda_db`.`photo` (`description`, `path`) VALUES ('torchon_habit_4', 't_h_4.jpg');
INSERT INTO `mathilda_db`.`photo` (`description`, `path`) VALUES ('torchon_robe_1', 't_r_1.jpg');
INSERT INTO `mathilda_db`.`photo` (`description`, `path`) VALUES ('torchon_robe_2', 't_r_2.jpg');
INSERT INTO `mathilda_db`.`photo` (`description`, `path`) VALUES ('torchon_robe_3', 't_r_3.jpg');
INSERT INTO `mathilda_db`.`photo` (`description`, `path`) VALUES ('torchon_robe_4', 't_r_4.jpg');
INSERT INTO `mathilda_db`.`photo` (`description`, `path`) VALUES ('torchon_paniers_1', 't_p_1.jpg');
INSERT INTO `mathilda_db`.`photo` (`description`, `path`) VALUES ('torchon_paniers_2', 't_p_2.jpg');
INSERT INTO `mathilda_db`.`photo` (`description`, `path`) VALUES ('torchon_paniers_3', 't_p_3.jpg');
INSERT INTO `mathilda_db`.`photo` (`description`, `path`) VALUES ('torchon_paniers_4', 't_p_4.jpg');
INSERT INTO `mathilda_db`.`photo` (`description`, `path`) VALUES ('torchon_gilet_1', 't_g_1.jpg');
INSERT INTO `mathilda_db`.`photo` (`description`, `path`) VALUES ('torchon_gilet_2', 't_g_2.jpg');
INSERT INTO `mathilda_db`.`photo` (`description`, `path`) VALUES ('torchon_gilet_3', 't_g_3.jpg');
INSERT INTO `mathilda_db`.`photo` (`description`, `path`) VALUES ('torchon_gilet_4', 't_g_4.jpg');
INSERT INTO `mathilda_db`.`photo` (`description`, `path`) VALUES ('torchon_corps_pique_1', 't_cp_1.jpg');
INSERT INTO `mathilda_db`.`photo` (`description`, `path`) VALUES ('torchon_corps_pique_2', 't_cp_2.jpg');
INSERT INTO `mathilda_db`.`photo` (`description`, `path`) VALUES ('torchon_corps_pique_3', 't_cp_3.jpg');
INSERT INTO `mathilda_db`.`photo` (`description`, `path`) VALUES ('torchon_corps_pique_4', 't_cp_4.jpg');
INSERT INTO `mathilda_db`.`photo` (`description`, `path`) VALUES ('serviette_habit_1', 's_h_1.jpg');
INSERT INTO `mathilda_db`.`photo` (`description`, `path`) VALUES ('serviette_habit_2', 's_h_2.jpg');
INSERT INTO `mathilda_db`.`photo` (`description`, `path`) VALUES ('serviette_habit_3', 's_h_3.jpg');
INSERT INTO `mathilda_db`.`photo` (`description`, `path`) VALUES ('serviette_habit_4', 's_h_4.jpg');
INSERT INTO `mathilda_db`.`photo` (`description`, `path`) VALUES ('serviette_robe_1', 's_r_1.jpg');
INSERT INTO `mathilda_db`.`photo` (`description`, `path`) VALUES ('serviette_robe_2', 's_r_2.jpg');
INSERT INTO `mathilda_db`.`photo` (`description`, `path`) VALUES ('serviette_robe_3', 's_r_3.jpg');
INSERT INTO `mathilda_db`.`photo` (`description`, `path`) VALUES ('serviette_robe_4', 's_r_4.jpg');
INSERT INTO `mathilda_db`.`photo` (`description`, `path`) VALUES ('serviette_paniers_1', 's_p_1.jpg');
INSERT INTO `mathilda_db`.`photo` (`description`, `path`) VALUES ('serviette_paniers_2', 's_p_2.jpg');
INSERT INTO `mathilda_db`.`photo` (`description`, `path`) VALUES ('serviette_paniers_3', 's_p_3.jpg');
INSERT INTO `mathilda_db`.`photo` (`description`, `path`) VALUES ('serviette_paniers_4', 's_p_4.jpg');
INSERT INTO `mathilda_db`.`photo` (`description`, `path`) VALUES ('serviette_gilet_1', 's_g_1.jpg');
INSERT INTO `mathilda_db`.`photo` (`description`, `path`) VALUES ('serviette_gilet_2', 's_g_2.jpg');
INSERT INTO `mathilda_db`.`photo` (`description`, `path`) VALUES ('serviette_gilet_3', 's_g_3.jpg');
INSERT INTO `mathilda_db`.`photo` (`description`, `path`) VALUES ('serviette_gilet_4', 's_g_4.jpg');
INSERT INTO `mathilda_db`.`photo` (`description`, `path`) VALUES ('serviette_corps_pique_1', 's_cp_1.pg');
INSERT INTO `mathilda_db`.`photo` (`description`, `path`) VALUES ('serviette_corps_pique_2', 's_cp_2.pg');
INSERT INTO `mathilda_db`.`photo` (`description`, `path`) VALUES ('serviette_corps_pique_3', 's_cp_3.pg');
INSERT INTO `mathilda_db`.`photo` (`description`, `path`) VALUES ('serviette_corps_pique_4', 's_cp_4.pg');
INSERT INTO `mathilda_db`.`photo` (`description`, `path`) VALUES ('motif_petit_habit', 'petit_h_r.pg');
INSERT INTO `mathilda_db`.`photo` (`description`, `path`) VALUES ('motif_petit_robe', 'petit_r_r.pg');
INSERT INTO `mathilda_db`.`photo` (`description`, `path`) VALUES ('motif_petit_paniers', 'petit_p_r.pg');
INSERT INTO `mathilda_db`.`photo` (`description`, `path`) VALUES ('motif_petit_gilet', 'petit_g_r.pg');
INSERT INTO `mathilda_db`.`photo` (`description`, `path`) VALUES ('motif_petit_corpspique', 'petit_cp_r.pg');
INSERT INTO `mathilda_db`.`photo` (`description`, `path`) VALUES ('motif_grand_habit', 'grand_h_r.pg');
INSERT INTO `mathilda_db`.`photo` (`description`, `path`) VALUES ('motif_grand_robe', 'grand_r_r.pg');
INSERT INTO `mathilda_db`.`photo` (`description`, `path`) VALUES ('motif_grand_paniers', 'grand_p_r.pg');
INSERT INTO `mathilda_db`.`photo` (`description`, `path`) VALUES ('motif_grand_gilet', 'grand_g_r.pg');
INSERT INTO `mathilda_db`.`photo` (`description`, `path`) VALUES ('motif_grand_corpspique', 'grand_cp_r.pg');
INSERT INTO `mathilda_db`.`product` (`description`, `name`, `price`, `quantity`, `ref_creation_date`, `reference`, `color_id`, `pattern_id`, `product_type_name`) VALUES ('Serviette brodée à l\'atelier. Tissu en in bio français, tissé en Belgique.', 'Serviette - Habit', '15', '5', '2021-01-01', '020101', '1', '1', 'Serviette');
INSERT INTO `mathilda_db`.`product` (`description`, `name`, `price`, `quantity`, `ref_creation_date`, `reference`, `color_id`, `pattern_id`, `product_type_name`) VALUES ('Serviette brodée à l\'atelier. Tissu en in bio français, tissé en Belgique.', 'Serviette - Robe', '15', '7', '2021-01-01', '020201', '1', '2', 'Serviette');
INSERT INTO `mathilda_db`.`product` (`description`, `name`, `price`, `quantity`, `ref_creation_date`, `reference`, `color_id`, `pattern_id`, `product_type_name`) VALUES ('Serviette brodée à l\'atelier. Tissu en in bio français, tissé en Belgique.', 'Serviette - Panier', '15', '2', '2021-01-01', '020301', '1', '3', 'Serviette');
INSERT INTO `mathilda_db`.`product` (`description`, `name`, `price`, `quantity`, `ref_creation_date`, `reference`, `color_id`, `pattern_id`, `product_type_name`) VALUES ('Serviette brodée à l\'atelier. Tissu en in bio français, tissé en Belgique.', 'Serviette - Gilet', '15', '6', '2021-01-01', '020401', '1', '4', 'Serviette');
INSERT INTO `mathilda_db`.`product` (`description`, `name`, `price`, `quantity`, `ref_creation_date`, `reference`, `color_id`, `pattern_id`, `product_type_name`) VALUES ('Serviette brodée à l\'atelier. Tissu en in bio français, tissé en Belgique.', 'Serviette - Corps piqué', '15', '10', '2021-01-01', '020501', '1', '5', 'Serviette');
INSERT INTO `mathilda_db`.`product` (`description`, `name`, `price`, `quantity`, `ref_creation_date`, `reference`, `color_id`, `pattern_id`, `product_type_name`) VALUES ('Serviette brodée à l\'atelier. Tissu en in bio français, tissé en Belgique.', 'Serviette - Habit', '15', '0', '2021-01-01', '020102', '2', '1', 'Serviette');
INSERT INTO `mathilda_db`.`product` (`description`, `name`, `price`, `quantity`, `ref_creation_date`, `reference`, `color_id`, `pattern_id`, `product_type_name`) VALUES ('Serviette brodée à l\'atelier. Tissu en in bio français, tissé en Belgique.', 'Serviette - Robe', '15', '8', '2021-01-01', '020202', '2', '2', 'Serviette');
INSERT INTO `mathilda_db`.`product` (`description`, `name`, `price`, `quantity`, `ref_creation_date`, `reference`, `color_id`, `pattern_id`, `product_type_name`) VALUES ('Serviette brodée à l\'atelier. Tissu en in bio français, tissé en Belgique.', 'Serviette - Panier', '15', '12', '2021-01-01', '020302', '2', '3', 'Serviette');
INSERT INTO `mathilda_db`.`product` (`description`, `name`, `price`, `quantity`, `ref_creation_date`, `reference`, `color_id`, `pattern_id`, `product_type_name`) VALUES ('Serviette brodée à l\'atelier. Tissu en in bio français, tissé en Belgique.', 'Serviette - Gilet', '15', '4', '2021-01-01', '020402', '2', '4', 'Serviette');
INSERT INTO `mathilda_db`.`product` (`description`, `name`, `price`, `quantity`, `ref_creation_date`, `reference`, `color_id`, `pattern_id`, `product_type_name`) VALUES ('Serviette brodée à l\'atelier. Tissu en in bio français, tissé en Belgique.', 'Serviette - Corps piqué', '15', '3', '2021-01-01', '020502', '2', '5', 'Serviette');
INSERT INTO `mathilda_db`.`product` (`description`, `name`, `price`, `quantity`, `ref_creation_date`, `reference`, `color_id`, `pattern_id`, `product_type_name`) VALUES ('Torchon brodé à l\'atelier. Tissu en in bio français, tissé en Belgique.', 'Torchon - Habit', '30', '1', '2021-01-01', '030101', '1', '1', 'Torchon');
INSERT INTO `mathilda_db`.`product` (`description`, `name`, `price`, `quantity`, `ref_creation_date`, `reference`, `color_id`, `pattern_id`, `product_type_name`) VALUES ('Torchon brodé à l\'atelier. Tissu en in bio français, tissé en Belgique.', 'Torchon - Robe', '30', '0', '2021-01-01', '030201', '1', '2', 'Torchon');
INSERT INTO `mathilda_db`.`product` (`description`, `name`, `price`, `quantity`, `ref_creation_date`, `reference`, `color_id`, `pattern_id`, `product_type_name`) VALUES ('Torchon brodé à l\'atelier. Tissu en in bio français, tissé en Belgique.', 'Torchon - Panier', '30', '6', '2021-01-01', '030301', '1', '3', 'Torchon');
INSERT INTO `mathilda_db`.`product` (`description`, `name`, `price`, `quantity`, `ref_creation_date`, `reference`, `color_id`, `pattern_id`, `product_type_name`) VALUES ('Torchon brodé à l\'atelier. Tissu en in bio français, tissé en Belgique.', 'Torchon - Gilet', '30', '4', '2021-01-01', '030401', '1', '4', 'Torchon');
INSERT INTO `mathilda_db`.`product` (`description`, `name`, `price`, `quantity`, `ref_creation_date`, `reference`, `color_id`, `pattern_id`, `product_type_name`) VALUES ('Torchon brodé à l\'atelier. Tissu en in bio français, tissé en Belgique.', 'Torchon - Corps piqué', '30', '12', '2021-01-01', '030501', '1', '5', 'Torchon');
INSERT INTO `mathilda_db`.`product` (`description`, `name`, `price`, `quantity`, `ref_creation_date`, `reference`, `color_id`, `pattern_id`, `product_type_name`) VALUES ('Torchon brodé à l\'atelier. Tissu en in bio français, tissé en Belgique.', 'Torchon - Habit', '30', '4', '2021-01-01', '030102', '2', '1', 'Torchon');
INSERT INTO `mathilda_db`.`product` (`description`, `name`, `price`, `quantity`, `ref_creation_date`, `reference`, `color_id`, `pattern_id`, `product_type_name`) VALUES ('Torchon brodé à l\'atelier. Tissu en in bio français, tissé en Belgique.', 'Torchon - Robe', '30', '3', '2021-01-01', '030202', '2', '2', 'Torchon');
INSERT INTO `mathilda_db`.`product` (`description`, `name`, `price`, `quantity`, `ref_creation_date`, `reference`, `color_id`, `pattern_id`, `product_type_name`) VALUES ('Torchon brodé à l\'atelier. Tissu en in bio français, tissé en Belgique.', 'Torchon - Panier', '30', '6', '2021-01-01', '030302', '2', '3', 'Torchon');
INSERT INTO `mathilda_db`.`product` (`description`, `name`, `price`, `quantity`, `ref_creation_date`, `reference`, `color_id`, `pattern_id`, `product_type_name`) VALUES ('Torchon brodé à l\'atelier. Tissu en in bio français, tissé en Belgique.', 'Torchon - Gilet', '30', '2', '2021-01-01', '030402', '2', '4', 'Torchon');
INSERT INTO `mathilda_db`.`product` (`description`, `name`, `price`, `quantity`, `ref_creation_date`, `reference`, `color_id`, `pattern_id`, `product_type_name`) VALUES ('Torchon brodé à l\'atelier. Tissu en in bio français, tissé en Belgique.', 'Torchon - Corps piqué', '30', '1', '2021-01-01', '030502', '2', '5', 'Torchon');
INSERT INTO `mathilda_db`.`product` (`description`, `name`, `price`, `quantity`, `ref_creation_date`, `reference`, `color_id`, `pattern_id`, `product_type_name`) VALUES ('Torchon brodé à l\'atelier. Tissu en in bio français, tissé en Belgique.', 'Torchon - Habit', '30', '3', '2021-01-01', '030103', '3', '1', 'Torchon');
INSERT INTO `mathilda_db`.`product` (`description`, `name`, `price`, `quantity`, `ref_creation_date`, `reference`, `color_id`, `pattern_id`, `product_type_name`) VALUES ('Torchon brodé à l\'atelier. Tissu en in bio français, tissé en Belgique.', 'Torchon - Robe', '30', '2', '2021-01-01', '030203', '3', '2', 'Torchon');
INSERT INTO `mathilda_db`.`product` (`description`, `name`, `price`, `quantity`, `ref_creation_date`, `reference`, `color_id`, `pattern_id`, `product_type_name`) VALUES ('Torchon brodé à l\'atelier. Tissu en in bio français, tissé en Belgique.', 'Torchon - Panier', '30', '4', '2021-01-01', '030303', '3', '3', 'Torchon');
INSERT INTO `mathilda_db`.`product` (`description`, `name`, `price`, `quantity`, `ref_creation_date`, `reference`, `color_id`, `pattern_id`, `product_type_name`) VALUES ('Torchon brodé à l\'atelier. Tissu en in bio français, tissé en Belgique.', 'Torchon - Gilet', '30', '1', '2021-01-01', '030403', '3', '4', 'Torchon');
INSERT INTO `mathilda_db`.`product` (`description`, `name`, `price`, `quantity`, `ref_creation_date`, `reference`, `color_id`, `pattern_id`, `product_type_name`) VALUES ('Torchon brodé à l\'atelier. Tissu en in bio français, tissé en Belgique.', 'Torchon - Corps piqué', '30', '6', '2021-01-01', '030503', '3', '5', 'Torchon');
INSERT INTO `mathilda_db`.`photo_product` (`photo_id`, `product_id`) VALUES ('1', '11');
INSERT INTO `mathilda_db`.`photo_product` (`photo_id`, `product_id`) VALUES ('2', '11');
INSERT INTO `mathilda_db`.`photo_product` (`photo_id`, `product_id`) VALUES ('3', '11');
INSERT INTO `mathilda_db`.`photo_product` (`photo_id`, `product_id`) VALUES ('4', '11');
INSERT INTO `mathilda_db`.`photo_product` (`photo_id`, `product_id`) VALUES ('1', '16');
INSERT INTO `mathilda_db`.`photo_product` (`photo_id`, `product_id`) VALUES ('2', '16');
INSERT INTO `mathilda_db`.`photo_product` (`photo_id`, `product_id`) VALUES ('3', '16');
INSERT INTO `mathilda_db`.`photo_product` (`photo_id`, `product_id`) VALUES ('4', '16');
INSERT INTO `mathilda_db`.`photo_product` (`photo_id`, `product_id`) VALUES ('1', '21');
INSERT INTO `mathilda_db`.`photo_product` (`photo_id`, `product_id`) VALUES ('2', '21');
INSERT INTO `mathilda_db`.`photo_product` (`photo_id`, `product_id`) VALUES ('3', '21');
INSERT INTO `mathilda_db`.`photo_product` (`photo_id`, `product_id`) VALUES ('4', '21');
INSERT INTO `mathilda_db`.`photo_product` (`photo_id`, `product_id`) VALUES ('5', '12');
INSERT INTO `mathilda_db`.`photo_product` (`photo_id`, `product_id`) VALUES ('6', '12');
INSERT INTO `mathilda_db`.`photo_product` (`photo_id`, `product_id`) VALUES ('7', '12');
INSERT INTO `mathilda_db`.`photo_product` (`photo_id`, `product_id`) VALUES ('8', '12');
INSERT INTO `mathilda_db`.`photo_product` (`photo_id`, `product_id`) VALUES ('5', '17');
INSERT INTO `mathilda_db`.`photo_product` (`photo_id`, `product_id`) VALUES ('6', '17');
INSERT INTO `mathilda_db`.`photo_product` (`photo_id`, `product_id`) VALUES ('7', '17');
INSERT INTO `mathilda_db`.`photo_product` (`photo_id`, `product_id`) VALUES ('8', '17');
INSERT INTO `mathilda_db`.`photo_product` (`photo_id`, `product_id`) VALUES ('5', '22');
INSERT INTO `mathilda_db`.`photo_product` (`photo_id`, `product_id`) VALUES ('6', '22');
INSERT INTO `mathilda_db`.`photo_product` (`photo_id`, `product_id`) VALUES ('7', '22');
INSERT INTO `mathilda_db`.`photo_product` (`photo_id`, `product_id`) VALUES ('8', '22');
INSERT INTO `mathilda_db`.`photo_product` (`photo_id`, `product_id`) VALUES ('9', '13');
INSERT INTO `mathilda_db`.`photo_product` (`photo_id`, `product_id`) VALUES ('10', '13');
INSERT INTO `mathilda_db`.`photo_product` (`photo_id`, `product_id`) VALUES ('11', '13');
INSERT INTO `mathilda_db`.`photo_product` (`photo_id`, `product_id`) VALUES ('12', '13');
INSERT INTO `mathilda_db`.`photo_product` (`photo_id`, `product_id`) VALUES ('9', '18');
INSERT INTO `mathilda_db`.`photo_product` (`photo_id`, `product_id`) VALUES ('10', '18');
INSERT INTO `mathilda_db`.`photo_product` (`photo_id`, `product_id`) VALUES ('11', '18');
INSERT INTO `mathilda_db`.`photo_product` (`photo_id`, `product_id`) VALUES ('12', '18');
INSERT INTO `mathilda_db`.`photo_product` (`photo_id`, `product_id`) VALUES ('9', '23');
INSERT INTO `mathilda_db`.`photo_product` (`photo_id`, `product_id`) VALUES ('10', '23');
INSERT INTO `mathilda_db`.`photo_product` (`photo_id`, `product_id`) VALUES ('11', '23');
INSERT INTO `mathilda_db`.`photo_product` (`photo_id`, `product_id`) VALUES ('12', '23');
INSERT INTO `mathilda_db`.`photo_product` (`photo_id`, `product_id`) VALUES ('13', '14');
INSERT INTO `mathilda_db`.`photo_product` (`photo_id`, `product_id`) VALUES ('14', '14');
INSERT INTO `mathilda_db`.`photo_product` (`photo_id`, `product_id`) VALUES ('15', '14');
INSERT INTO `mathilda_db`.`photo_product` (`photo_id`, `product_id`) VALUES ('16', '14');
INSERT INTO `mathilda_db`.`photo_product` (`photo_id`, `product_id`) VALUES ('13', '19');
INSERT INTO `mathilda_db`.`photo_product` (`photo_id`, `product_id`) VALUES ('14', '19');
INSERT INTO `mathilda_db`.`photo_product` (`photo_id`, `product_id`) VALUES ('15', '19');
INSERT INTO `mathilda_db`.`photo_product` (`photo_id`, `product_id`) VALUES ('16', '19');
INSERT INTO `mathilda_db`.`photo_product` (`photo_id`, `product_id`) VALUES ('13', '24');
INSERT INTO `mathilda_db`.`photo_product` (`photo_id`, `product_id`) VALUES ('14', '24');
INSERT INTO `mathilda_db`.`photo_product` (`photo_id`, `product_id`) VALUES ('15', '24');
INSERT INTO `mathilda_db`.`photo_product` (`photo_id`, `product_id`) VALUES ('16', '24');
INSERT INTO `mathilda_db`.`photo_product` (`photo_id`, `product_id`) VALUES ('17', '15');
INSERT INTO `mathilda_db`.`photo_product` (`photo_id`, `product_id`) VALUES ('18', '15');
INSERT INTO `mathilda_db`.`photo_product` (`photo_id`, `product_id`) VALUES ('19', '15');
INSERT INTO `mathilda_db`.`photo_product` (`photo_id`, `product_id`) VALUES ('20', '15');
INSERT INTO `mathilda_db`.`photo_product` (`photo_id`, `product_id`) VALUES ('17', '20');
INSERT INTO `mathilda_db`.`photo_product` (`photo_id`, `product_id`) VALUES ('18', '20');
INSERT INTO `mathilda_db`.`photo_product` (`photo_id`, `product_id`) VALUES ('19', '20');
INSERT INTO `mathilda_db`.`photo_product` (`photo_id`, `product_id`) VALUES ('20', '20');
INSERT INTO `mathilda_db`.`photo_product` (`photo_id`, `product_id`) VALUES ('17', '25');
INSERT INTO `mathilda_db`.`photo_product` (`photo_id`, `product_id`) VALUES ('18', '25');
INSERT INTO `mathilda_db`.`photo_product` (`photo_id`, `product_id`) VALUES ('19', '25');
INSERT INTO `mathilda_db`.`photo_product` (`photo_id`, `product_id`) VALUES ('20', '25');
INSERT INTO `mathilda_db`.`photo_product` (`photo_id`, `product_id`) VALUES ('21', '1');
INSERT INTO `mathilda_db`.`photo_product` (`photo_id`, `product_id`) VALUES ('22', '1');
INSERT INTO `mathilda_db`.`photo_product` (`photo_id`, `product_id`) VALUES ('23', '1');
INSERT INTO `mathilda_db`.`photo_product` (`photo_id`, `product_id`) VALUES ('24', '1');
INSERT INTO `mathilda_db`.`photo_product` (`photo_id`, `product_id`) VALUES ('21', '6');
INSERT INTO `mathilda_db`.`photo_product` (`photo_id`, `product_id`) VALUES ('22', '6');
INSERT INTO `mathilda_db`.`photo_product` (`photo_id`, `product_id`) VALUES ('23', '6');
INSERT INTO `mathilda_db`.`photo_product` (`photo_id`, `product_id`) VALUES ('24', '6');
INSERT INTO `mathilda_db`.`photo_product` (`photo_id`, `product_id`) VALUES ('25', '2');
INSERT INTO `mathilda_db`.`photo_product` (`photo_id`, `product_id`) VALUES ('26', '2');
INSERT INTO `mathilda_db`.`photo_product` (`photo_id`, `product_id`) VALUES ('27', '2');
INSERT INTO `mathilda_db`.`photo_product` (`photo_id`, `product_id`) VALUES ('28', '2');
INSERT INTO `mathilda_db`.`photo_product` (`photo_id`, `product_id`) VALUES ('25', '7');
INSERT INTO `mathilda_db`.`photo_product` (`photo_id`, `product_id`) VALUES ('26', '7');
INSERT INTO `mathilda_db`.`photo_product` (`photo_id`, `product_id`) VALUES ('27', '7');
INSERT INTO `mathilda_db`.`photo_product` (`photo_id`, `product_id`) VALUES ('28', '7');
INSERT INTO `mathilda_db`.`photo_product` (`photo_id`, `product_id`) VALUES ('29', '3');
INSERT INTO `mathilda_db`.`photo_product` (`photo_id`, `product_id`) VALUES ('30', '3');
INSERT INTO `mathilda_db`.`photo_product` (`photo_id`, `product_id`) VALUES ('31', '3');
INSERT INTO `mathilda_db`.`photo_product` (`photo_id`, `product_id`) VALUES ('32', '3');
INSERT INTO `mathilda_db`.`photo_product` (`photo_id`, `product_id`) VALUES ('29', '8');
INSERT INTO `mathilda_db`.`photo_product` (`photo_id`, `product_id`) VALUES ('30', '8');
INSERT INTO `mathilda_db`.`photo_product` (`photo_id`, `product_id`) VALUES ('31', '8');
INSERT INTO `mathilda_db`.`photo_product` (`photo_id`, `product_id`) VALUES ('32', '8');
INSERT INTO `mathilda_db`.`photo_product` (`photo_id`, `product_id`) VALUES ('33', '4');
INSERT INTO `mathilda_db`.`photo_product` (`photo_id`, `product_id`) VALUES ('34', '4');
INSERT INTO `mathilda_db`.`photo_product` (`photo_id`, `product_id`) VALUES ('35', '4');
INSERT INTO `mathilda_db`.`photo_product` (`photo_id`, `product_id`) VALUES ('36', '4');
INSERT INTO `mathilda_db`.`photo_product` (`photo_id`, `product_id`) VALUES ('33', '9');
INSERT INTO `mathilda_db`.`photo_product` (`photo_id`, `product_id`) VALUES ('34', '9');
INSERT INTO `mathilda_db`.`photo_product` (`photo_id`, `product_id`) VALUES ('35', '9');
INSERT INTO `mathilda_db`.`photo_product` (`photo_id`, `product_id`) VALUES ('36', '9');
INSERT INTO `mathilda_db`.`photo_product` (`photo_id`, `product_id`) VALUES ('37', '5');
INSERT INTO `mathilda_db`.`photo_product` (`photo_id`, `product_id`) VALUES ('38', '5');
INSERT INTO `mathilda_db`.`photo_product` (`photo_id`, `product_id`) VALUES ('39', '5');
INSERT INTO `mathilda_db`.`photo_product` (`photo_id`, `product_id`) VALUES ('40', '5');
INSERT INTO `mathilda_db`.`photo_product` (`photo_id`, `product_id`) VALUES ('37', '10');
INSERT INTO `mathilda_db`.`photo_product` (`photo_id`, `product_id`) VALUES ('38', '10');
INSERT INTO `mathilda_db`.`photo_product` (`photo_id`, `product_id`) VALUES ('39', '10');
INSERT INTO `mathilda_db`.`photo_product` (`photo_id`, `product_id`) VALUES ('40', '10');
INSERT INTO `mathilda_db`.`command` (`creation_date`, `delivery_date`, `reference`, `shipping_date`, `tax_in_price`, `tax_out_price`, `delivery_address_id`, `facturation_address_id`, `pay_mode_id`, `status_id`, `user_id`, `vat_id`) VALUES ('2021-01-02', '2021-01-12', 'CMD2021_0001_USR00006', '2021-01-04', '45', '45', '6', '6', '1', '5', '6', '5');
INSERT INTO `mathilda_db`.`command` (`cancel_date`, `creation_date`, `reference`, `tax_in_price`, `tax_out_price`, `delivery_address_id`, `facturation_address_id`, `pay_mode_id`, `status_id`, `user_id`, `vat_id`) VALUES ('2021-02-04', '2021-02-02', 'CMD2021_0002_USR00003', '30', '30', '2', '2', '1', '2', '3', '5');
INSERT INTO `mathilda_db`.`command` (`creation_date`, `delivery_date`, `reference`, `shipping_date`, `tax_in_price`, `tax_out_price`, `delivery_address_id`, `facturation_address_id`, `pay_mode_id`, `status_id`, `user_id`, `vat_id`) VALUES ('2021-02-05', '2021-02-15', 'CMD2021_0003_USR00004', '2021-02-07', '60', '60', '3', '3', '1', '5', '4', '5');
INSERT INTO `mathilda_db`.`command` (`creation_date`, `delivery_date`, `reference`, `shipping_date`, `tax_in_price`, `tax_out_price`, `delivery_address_id`, `facturation_address_id`, `pay_mode_id`, `status_id`, `user_id`, `vat_id`) VALUES ('2021-02-06', '2021-02-16', 'CMD2021_0004_USR00005', '2021-02-08', '90', '90', '5', '5', '1', '5', '5', '5');
INSERT INTO `mathilda_db`.`command` (`creation_date`, `delivery_date`, `reference`, `shipping_date`, `tax_in_price`, `tax_out_price`, `delivery_address_id`, `facturation_address_id`, `pay_mode_id`, `status_id`, `user_id`, `vat_id`) VALUES ('2021-02-16', '2021-02-26', 'CMD2021_0005_USR00004', '2021-02-17', '150', '150', '4', '3', '1', '5', '4', '5');
INSERT INTO `mathilda_db`.`command` (`creation_date`, `delivery_date`, `reference`, `shipping_date`, `tax_in_price`, `tax_out_price`, `delivery_address_id`, `facturation_address_id`, `pay_mode_id`, `status_id`, `user_id`, `vat_id`) VALUES ('2021-02-20', '2021-03-02', 'CMD2021_0006_USR00006', '2021-02-22', '60', '60', '6', '6', '1', '5', '6', '5');
INSERT INTO `mathilda_db`.`command` (`creation_date`, `delivery_date`, `reference`, `shipping_date`, `tax_in_price`, `tax_out_price`, `delivery_address_id`, `facturation_address_id`, `pay_mode_id`, `status_id`, `user_id`, `vat_id`) VALUES ('2021-02-22', '2021-03-04', 'CMD2021_0007_USR00003', '2021-02-23', '15', '15', '1', '2', '1', '5', '3', '5');
INSERT INTO `mathilda_db`.`command` (`creation_date`, `delivery_date`, `reference`, `shipping_date`, `tax_in_price`, `tax_out_price`, `delivery_address_id`, `facturation_address_id`, `pay_mode_id`, `status_id`, `user_id`, `vat_id`) VALUES ('2021-02-28', '2021-03-12', 'CMD2021_0008_USR00006', '2021-03-01', '135', '135', '6', '6', '1', '5', '6', '5');
INSERT INTO `mathilda_db`.`command` (`creation_date`, `delivery_date`, `reference`, `shipping_date`, `tax_in_price`, `tax_out_price`, `delivery_address_id`, `facturation_address_id`, `pay_mode_id`, `status_id`, `user_id`, `vat_id`) VALUES ('2021-03-01', '2021-03-12', 'CMD2021_0009_USR00005', '2021-03-04', '120', '120', '5', '5', '1', '5', '5', '5');
INSERT INTO `mathilda_db`.`command` (`creation_date`, `delivery_date`, `delivery_return_date`, `reference`, `return_date`, `shipping_date`, `tax_in_price`, `tax_out_price`, `delivery_address_id`, `facturation_address_id`, `pay_mode_id`, `status_id`, `user_id`, `vat_id`) VALUES ('2021-03-04', '2021-03-15', '2021-03-28', 'CMD2021_0010_USR00003', '2021-03-18', '2021-03-06', '45', '45', '2', '2', '1', '7', '3', '5');
INSERT INTO `mathilda_db`.`command` (`cancel_date`, `creation_date`, `reference`, `tax_in_price`, `tax_out_price`, `delivery_address_id`, `facturation_address_id`, `pay_mode_id`, `status_id`, `user_id`, `vat_id`) VALUES ('2021-03-12', '2021-03-07', 'CMD2021_0011_USR00005', '90', '90', '5', '5', '1', '2', '5', '5');
INSERT INTO `mathilda_db`.`command` (`creation_date`, `delivery_date`, `reference`, `shipping_date`, `tax_in_price`, `tax_out_price`, `delivery_address_id`, `facturation_address_id`, `pay_mode_id`, `status_id`, `user_id`, `vat_id`) VALUES ('2021-03-10', '2021-03-20', 'CMD2021_0012_USR00003', '2021-03-12', '30', '30', '1', '1', '1', '5', '3', '5');
INSERT INTO `mathilda_db`.`command` (`creation_date`, `delivery_date`, `reference`, `shipping_date`, `tax_in_price`, `tax_out_price`, `delivery_address_id`, `facturation_address_id`, `pay_mode_id`, `status_id`, `user_id`, `vat_id`) VALUES ('2021-03-12', '2021-03-22', 'CMD2021_0013_USR00004', '2021-03-14', '75', '75', '3', '3', '1', '5', '4', '5');
INSERT INTO `mathilda_db`.`command` (`creation_date`, `delivery_date`, `reference`, `shipping_date`, `tax_in_price`, `tax_out_price`, `delivery_address_id`, `facturation_address_id`, `pay_mode_id`, `status_id`, `user_id`, `vat_id`) VALUES ('2021-03-15', '2021-03-25', 'CMD2021_0014_USR00005', '2021-03-17', '15', '15', '5', '5', '1', '5', '5', '5');
INSERT INTO `mathilda_db`.`command` (`creation_date`, `reference`, `shipping_date`, `tax_in_price`, `tax_out_price`, `delivery_address_id`, `facturation_address_id`, `pay_mode_id`, `status_id`, `user_id`, `vat_id`) VALUES ('2021-03-26', 'CMD2021_0015_USR00005', '2021-03-28', '90', '90', '5', '5', '1', '4', '5', '5');
INSERT INTO `mathilda_db`.`command` (`creation_date`, `reference`, `tax_in_price`, `tax_out_price`, `delivery_address_id`, `facturation_address_id`, `pay_mode_id`, `status_id`, `user_id`, `vat_id`) VALUES ('2021-03-27', 'CMD2021_0016_USR00003', '45', '45', '2', '2', '1', '1', '3', '5');
INSERT INTO `mathilda_db`.`command` (`cancel_date`, `creation_date`, `reference`, `tax_in_price`, `tax_out_price`, `delivery_address_id`, `facturation_address_id`, `pay_mode_id`, `status_id`, `user_id`, `vat_id`) VALUES ('2021-04-11', '2021-04-01', 'CMD2021_0017_USR00004', '45', '45', '3', '3', '1', '2', '4', '5');
INSERT INTO `mathilda_db`.`command` (`creation_date`, `delivery_date`, `reference`, `shipping_date`, `tax_in_price`, `tax_out_price`, `delivery_address_id`, `facturation_address_id`, `pay_mode_id`, `status_id`, `user_id`, `vat_id`) VALUES ('2021-04-09', '2021-04-11', 'CMD2021_0018_USR00006', '2021-04-12', '15', '15', '6', '6', '1', '5', '6', '5');
INSERT INTO `mathilda_db`.`command` (`creation_date`, `delivery_date`, `reference`, `shipping_date`, `tax_in_price`, `tax_out_price`, `delivery_address_id`, `facturation_address_id`, `pay_mode_id`, `status_id`, `user_id`, `vat_id`) VALUES ('2021-04-20', '2021-04-22', 'CMD2021_0019_USR00003', '2021-04-22', '90', '90', '2', '1', '1', '5', '3', '5');
INSERT INTO `mathilda_db`.`command` (`cancel_date`, `creation_date`, `reference`, `tax_in_price`, `tax_out_price`, `delivery_address_id`, `facturation_address_id`, `pay_mode_id`, `status_id`, `user_id`, `vat_id`) VALUES ('2021-05-06', '2021-04-29', 'CMD2021_0020_USR00006', '75', '75', '6', '6', '1', '2', '6', '5');
INSERT INTO `mathilda_db`.`command` (`creation_date`, `delivery_date`, `delivery_return_date`, `reference`, `return_date`, `shipping_date`, `tax_in_price`, `tax_out_price`, `delivery_address_id`, `facturation_address_id`, `pay_mode_id`, `status_id`, `user_id`, `vat_id`) VALUES ('2021-05-01', '2021-05-03', '2021-05-16', 'CMD2021_0021_USR00003', '2021-05-07', '2021-05-03', '120', '120', '2', '2', '1', '6', '3', '5');
INSERT INTO `mathilda_db`.`command` (`creation_date`, `delivery_date`, `reference`, `shipping_date`, `tax_in_price`, `tax_out_price`, `delivery_address_id`, `facturation_address_id`, `pay_mode_id`, `status_id`, `user_id`, `vat_id`) VALUES ('2021-05-14', '2021-05-25', 'CMD2021_0022_USR00006', '2021-05-16', '120', '120', '6', '6', '1', '5', '6', '5');
INSERT INTO `mathilda_db`.`command` (`creation_date`, `reference`, `tax_in_price`, `tax_out_price`, `delivery_address_id`, `facturation_address_id`, `pay_mode_id`, `status_id`, `user_id`, `vat_id`) VALUES ('2021-05-20', 'CMD2021_0023_USR00004', '120', '120', '4', '3', '1', '3', '4', '5');
INSERT INTO `mathilda_db`.`command` (`creation_date`, `delivery_date`, `reference`, `shipping_date`, `tax_in_price`, `tax_out_price`, `delivery_address_id`, `facturation_address_id`, `pay_mode_id`, `status_id`, `user_id`, `vat_id`) VALUES ('2021-05-25', '2021-06-03', 'CMD2021_0024_USR00006', '2021-05-26', '60', '60', '6', '6', '1', '5', '6', '5');
INSERT INTO `mathilda_db`.`command` (`creation_date`, `delivery_date`, `reference`, `shipping_date`, `tax_in_price`, `tax_out_price`, `delivery_address_id`, `facturation_address_id`, `pay_mode_id`, `status_id`, `user_id`, `vat_id`) VALUES ('2021-05-28', '2021-06-04', 'CMD2021_0025_USR00004', '2021-05-29', '60', '60', '4', '4', '1', '5', '4', '5');
INSERT INTO `mathilda_db`.`command` (`creation_date`, `reference`, `tax_in_price`, `tax_out_price`, `delivery_address_id`, `facturation_address_id`, `pay_mode_id`, `status_id`, `user_id`, `vat_id`) VALUES ('2021-05-28', 'CMD2021_0026_USR00003', '30', '30', '2', '2', '1', '3', '3', '5');
INSERT INTO `mathilda_db`.`command` (`creation_date`, `reference`, `tax_in_price`, `tax_out_price`, `delivery_address_id`, `facturation_address_id`, `pay_mode_id`, `status_id`, `user_id`, `vat_id`) VALUES ('2021-05-29', 'CMD2021_0027_USR00005', '75', '75', '5', '5', '1', '3', '5', '5');
INSERT INTO `mathilda_db`.`command` (`creation_date`, `reference`, `tax_in_price`, `tax_out_price`, `delivery_address_id`, `facturation_address_id`, `pay_mode_id`, `status_id`, `user_id`, `vat_id`) VALUES ('2021-05-29', 'CMD2021_0028_USR00003', '75', '75', '2', '2', '1', '1', '3', '5');
INSERT INTO `mathilda_db`.`custom` (`photo`, `price`, `size`, `color_id`, `location_id`, `pattern_id`) VALUES ('petit_h_r.jpg', '5', 'Petit', '1', '1', '1');
INSERT INTO `mathilda_db`.`custom` (`photo`, `price`, `size`, `color_id`, `location_id`, `pattern_id`) VALUES ('petit_r_r.jpg', '5', 'Petit', '1', '1', '2');
INSERT INTO `mathilda_db`.`custom` (`photo`, `price`, `size`, `color_id`, `location_id`, `pattern_id`) VALUES ('petit_p_r.jpg', '5', 'Petit', '1', '1', '3');
INSERT INTO `mathilda_db`.`custom` (`photo`, `price`, `size`, `color_id`, `location_id`, `pattern_id`) VALUES ('petit_g_r.jpg', '5', 'Petit', '1', '1', '4');
INSERT INTO `mathilda_db`.`custom` (`photo`, `price`, `size`, `color_id`, `location_id`, `pattern_id`) VALUES ('petit_cp_r.jpg', '5', 'Petit', '1', '1', '5');
INSERT INTO `mathilda_db`.`custom` (`photo`, `price`, `size`, `color_id`, `location_id`, `pattern_id`) VALUES ('petit_h_r.jpg', '5', 'Petit', '1', '2', '1');
INSERT INTO `mathilda_db`.`custom` (`photo`, `price`, `size`, `color_id`, `location_id`, `pattern_id`) VALUES ('petit_r_r.jpg', '5', 'Petit', '1', '2', '2');
INSERT INTO `mathilda_db`.`custom` (`photo`, `price`, `size`, `color_id`, `location_id`, `pattern_id`) VALUES ('petit_p_r.jpg', '5', 'Petit', '1', '2', '3');
INSERT INTO `mathilda_db`.`custom` (`photo`, `price`, `size`, `color_id`, `location_id`, `pattern_id`) VALUES ('petit_g_r.jpg', '5', 'Petit', '1', '2', '4');
INSERT INTO `mathilda_db`.`custom` (`photo`, `price`, `size`, `color_id`, `location_id`, `pattern_id`) VALUES ('petit_cp_r.jpg', '5', 'Petit', '1', '2', '5');
INSERT INTO `mathilda_db`.`custom` (`photo`, `price`, `size`, `color_id`, `location_id`, `pattern_id`) VALUES ('petit_h_r.jpg', '5', 'Petit', '1', '3', '1');
INSERT INTO `mathilda_db`.`custom` (`photo`, `price`, `size`, `color_id`, `location_id`, `pattern_id`) VALUES ('petit_r_r.jpg', '5', 'Petit', '1', '3', '2');
INSERT INTO `mathilda_db`.`custom` (`photo`, `price`, `size`, `color_id`, `location_id`, `pattern_id`) VALUES ('petit_p_r.jpg', '5', 'Petit', '1', '3', '3');
INSERT INTO `mathilda_db`.`custom` (`photo`, `price`, `size`, `color_id`, `location_id`, `pattern_id`) VALUES ('petit_g_r.jpg', '5', 'Petit', '1', '3', '4');
INSERT INTO `mathilda_db`.`custom` (`photo`, `price`, `size`, `color_id`, `location_id`, `pattern_id`) VALUES ('petit_cp_r.jpg', '5', 'Petit', '1', '3', '5');
INSERT INTO `mathilda_db`.`custom` (`photo`, `price`, `size`, `color_id`, `location_id`, `pattern_id`) VALUES ('petit_h_r.jpg', '5', 'Petit', '1', '4', '1');
INSERT INTO `mathilda_db`.`custom` (`photo`, `price`, `size`, `color_id`, `location_id`, `pattern_id`) VALUES ('petit_r_r.jpg', '5', 'Petit', '1', '4', '2');
INSERT INTO `mathilda_db`.`custom` (`photo`, `price`, `size`, `color_id`, `location_id`, `pattern_id`) VALUES ('petit_p_r.jpg', '5', 'Petit', '1', '4', '3');
INSERT INTO `mathilda_db`.`custom` (`photo`, `price`, `size`, `color_id`, `location_id`, `pattern_id`) VALUES ('petit_g_r.jpg', '5', 'Petit', '1', '4', '4');
INSERT INTO `mathilda_db`.`custom` (`photo`, `price`, `size`, `color_id`, `location_id`, `pattern_id`) VALUES ('petit_cp_r.jpg', '5', 'Petit', '1', '4', '5');
INSERT INTO `mathilda_db`.`custom` (`photo`, `price`, `size`, `color_id`, `location_id`, `pattern_id`) VALUES ('petit_h_r.jpg', '5', 'Petit', '1', '5', '1');
INSERT INTO `mathilda_db`.`custom` (`photo`, `price`, `size`, `color_id`, `location_id`, `pattern_id`) VALUES ('petit_r_r.jpg', '5', 'Petit', '1', '5', '2');
INSERT INTO `mathilda_db`.`custom` (`photo`, `price`, `size`, `color_id`, `location_id`, `pattern_id`) VALUES ('petit_p_r.jpg', '5', 'Petit', '1', '5', '3');
INSERT INTO `mathilda_db`.`custom` (`photo`, `price`, `size`, `color_id`, `location_id`, `pattern_id`) VALUES ('petit_g_r.jpg', '5', 'Petit', '1', '5', '4');
INSERT INTO `mathilda_db`.`custom` (`photo`, `price`, `size`, `color_id`, `location_id`, `pattern_id`) VALUES ('petit_cp_r.jpg', '5', 'Petit', '1', '5', '5');
INSERT INTO `mathilda_db`.`custom` (`photo`, `price`, `size`, `color_id`, `location_id`, `pattern_id`) VALUES ('petit_h_r.jpg', '5', 'Petit', '1', '6', '1');
INSERT INTO `mathilda_db`.`custom` (`photo`, `price`, `size`, `color_id`, `location_id`, `pattern_id`) VALUES ('petit_r_r.jpg', '5', 'Petit', '1', '6', '2');
INSERT INTO `mathilda_db`.`custom` (`photo`, `price`, `size`, `color_id`, `location_id`, `pattern_id`) VALUES ('petit_p_r.jpg', '5', 'Petit', '1', '6', '3');
INSERT INTO `mathilda_db`.`custom` (`photo`, `price`, `size`, `color_id`, `location_id`, `pattern_id`) VALUES ('petit_g_r.jpg', '5', 'Petit', '1', '6', '4');
INSERT INTO `mathilda_db`.`custom` (`photo`, `price`, `size`, `color_id`, `location_id`, `pattern_id`) VALUES ('petit_cp_r.jpg', '5', 'Petit', '1', '6', '5');
INSERT INTO `mathilda_db`.`custom` (`photo`, `price`, `size`, `color_id`, `location_id`, `pattern_id`) VALUES ('petit_h_r.jpg', '5', 'Petit', '2', '1', '1');
INSERT INTO `mathilda_db`.`custom` (`photo`, `price`, `size`, `color_id`, `location_id`, `pattern_id`) VALUES ('petit_r_r.jpg', '5', 'Petit', '2', '1', '2');
INSERT INTO `mathilda_db`.`custom` (`photo`, `price`, `size`, `color_id`, `location_id`, `pattern_id`) VALUES ('petit_p_r.jpg', '5', 'Petit', '2', '1', '3');
INSERT INTO `mathilda_db`.`custom` (`photo`, `price`, `size`, `color_id`, `location_id`, `pattern_id`) VALUES ('petit_g_r.jpg', '5', 'Petit', '2', '1', '4');
INSERT INTO `mathilda_db`.`custom` (`photo`, `price`, `size`, `color_id`, `location_id`, `pattern_id`) VALUES ('petit_cp_r.jpg', '5', 'Petit', '2', '1', '5');
INSERT INTO `mathilda_db`.`custom` (`photo`, `price`, `size`, `color_id`, `location_id`, `pattern_id`) VALUES ('petit_h_r.jpg', '5', 'Petit', '2', '2', '1');
INSERT INTO `mathilda_db`.`custom` (`photo`, `price`, `size`, `color_id`, `location_id`, `pattern_id`) VALUES ('petit_r_r.jpg', '5', 'Petit', '2', '2', '2');
INSERT INTO `mathilda_db`.`custom` (`photo`, `price`, `size`, `color_id`, `location_id`, `pattern_id`) VALUES ('petit_p_r.jpg', '5', 'Petit', '2', '2', '3');
INSERT INTO `mathilda_db`.`custom` (`photo`, `price`, `size`, `color_id`, `location_id`, `pattern_id`) VALUES ('petit_g_r.jpg', '5', 'Petit', '2', '2', '4');
INSERT INTO `mathilda_db`.`custom` (`photo`, `price`, `size`, `color_id`, `location_id`, `pattern_id`) VALUES ('petit_cp_r.jpg', '5', 'Petit', '2', '2', '5');
INSERT INTO `mathilda_db`.`custom` (`photo`, `price`, `size`, `color_id`, `location_id`, `pattern_id`) VALUES ('petit_h_r.jpg', '5', 'Petit', '2', '3', '1');
INSERT INTO `mathilda_db`.`custom` (`photo`, `price`, `size`, `color_id`, `location_id`, `pattern_id`) VALUES ('petit_r_r.jpg', '5', 'Petit', '2', '3', '2');
INSERT INTO `mathilda_db`.`custom` (`photo`, `price`, `size`, `color_id`, `location_id`, `pattern_id`) VALUES ('petit_p_r.jpg', '5', 'Petit', '2', '3', '3');
INSERT INTO `mathilda_db`.`custom` (`photo`, `price`, `size`, `color_id`, `location_id`, `pattern_id`) VALUES ('petit_g_r.jpg', '5', 'Petit', '2', '3', '4');
INSERT INTO `mathilda_db`.`custom` (`photo`, `price`, `size`, `color_id`, `location_id`, `pattern_id`) VALUES ('petit_cp_r.jpg', '5', 'Petit', '2', '3', '5');
INSERT INTO `mathilda_db`.`custom` (`photo`, `price`, `size`, `color_id`, `location_id`, `pattern_id`) VALUES ('petit_h_r.jpg', '5', 'Petit', '2', '4', '1');
INSERT INTO `mathilda_db`.`custom` (`photo`, `price`, `size`, `color_id`, `location_id`, `pattern_id`) VALUES ('petit_r_r.jpg', '5', 'Petit', '2', '4', '2');
INSERT INTO `mathilda_db`.`custom` (`photo`, `price`, `size`, `color_id`, `location_id`, `pattern_id`) VALUES ('petit_p_r.jpg', '5', 'Petit', '2', '4', '3');
INSERT INTO `mathilda_db`.`custom` (`photo`, `price`, `size`, `color_id`, `location_id`, `pattern_id`) VALUES ('petit_g_r.jpg', '5', 'Petit', '2', '4', '4');
INSERT INTO `mathilda_db`.`custom` (`photo`, `price`, `size`, `color_id`, `location_id`, `pattern_id`) VALUES ('petit_cp_r.jpg', '5', 'Petit', '2', '4', '5');
INSERT INTO `mathilda_db`.`custom` (`photo`, `price`, `size`, `color_id`, `location_id`, `pattern_id`) VALUES ('petit_h_r.jpg', '5', 'Petit', '2', '5', '1');
INSERT INTO `mathilda_db`.`custom` (`photo`, `price`, `size`, `color_id`, `location_id`, `pattern_id`) VALUES ('petit_r_r.jpg', '5', 'Petit', '2', '5', '2');
INSERT INTO `mathilda_db`.`custom` (`photo`, `price`, `size`, `color_id`, `location_id`, `pattern_id`) VALUES ('petit_p_r.jpg', '5', 'Petit', '2', '5', '3');
INSERT INTO `mathilda_db`.`custom` (`photo`, `price`, `size`, `color_id`, `location_id`, `pattern_id`) VALUES ('petit_g_r.jpg', '5', 'Petit', '2', '5', '4');
INSERT INTO `mathilda_db`.`custom` (`photo`, `price`, `size`, `color_id`, `location_id`, `pattern_id`) VALUES ('petit_cp_r.jpg', '5', 'Petit', '2', '5', '5');
INSERT INTO `mathilda_db`.`custom` (`photo`, `price`, `size`, `color_id`, `location_id`, `pattern_id`) VALUES ('petit_h_r.jpg', '5', 'Petit', '2', '6', '1');
INSERT INTO `mathilda_db`.`custom` (`photo`, `price`, `size`, `color_id`, `location_id`, `pattern_id`) VALUES ('petit_r_r.jpg', '5', 'Petit', '2', '6', '2');
INSERT INTO `mathilda_db`.`custom` (`photo`, `price`, `size`, `color_id`, `location_id`, `pattern_id`) VALUES ('petit_p_r.jpg', '5', 'Petit', '2', '6', '3');
INSERT INTO `mathilda_db`.`custom` (`photo`, `price`, `size`, `color_id`, `location_id`, `pattern_id`) VALUES ('petit_g_r.jpg', '5', 'Petit', '2', '6', '4');
INSERT INTO `mathilda_db`.`custom` (`photo`, `price`, `size`, `color_id`, `location_id`, `pattern_id`) VALUES ('petit_cp_r.jpg', '5', 'Petit', '2', '6', '5');
INSERT INTO `mathilda_db`.`custom` (`photo`, `price`, `size`, `color_id`, `location_id`, `pattern_id`) VALUES ('petit_h_r.jpg', '5', 'Petit', '3', '1', '1');
INSERT INTO `mathilda_db`.`custom` (`photo`, `price`, `size`, `color_id`, `location_id`, `pattern_id`) VALUES ('petit_r_r.jpg', '5', 'Petit', '3', '1', '2');
INSERT INTO `mathilda_db`.`custom` (`photo`, `price`, `size`, `color_id`, `location_id`, `pattern_id`) VALUES ('petit_p_r.jpg', '5', 'Petit', '3', '1', '3');
INSERT INTO `mathilda_db`.`custom` (`photo`, `price`, `size`, `color_id`, `location_id`, `pattern_id`) VALUES ('petit_g_r.jpg', '5', 'Petit', '3', '1', '4');
INSERT INTO `mathilda_db`.`custom` (`photo`, `price`, `size`, `color_id`, `location_id`, `pattern_id`) VALUES ('petit_cp_r.jpg', '5', 'Petit', '3', '1', '5');
INSERT INTO `mathilda_db`.`custom` (`photo`, `price`, `size`, `color_id`, `location_id`, `pattern_id`) VALUES ('petit_h_r.jpg', '5', 'Petit', '3', '2', '1');
INSERT INTO `mathilda_db`.`custom` (`photo`, `price`, `size`, `color_id`, `location_id`, `pattern_id`) VALUES ('petit_r_r.jpg', '5', 'Petit', '3', '2', '2');
INSERT INTO `mathilda_db`.`custom` (`photo`, `price`, `size`, `color_id`, `location_id`, `pattern_id`) VALUES ('petit_p_r.jpg', '5', 'Petit', '3', '2', '3');
INSERT INTO `mathilda_db`.`custom` (`photo`, `price`, `size`, `color_id`, `location_id`, `pattern_id`) VALUES ('petit_g_r.jpg', '5', 'Petit', '3', '2', '4');
INSERT INTO `mathilda_db`.`custom` (`photo`, `price`, `size`, `color_id`, `location_id`, `pattern_id`) VALUES ('petit_cp_r.jpg', '5', 'Petit', '3', '2', '5');
INSERT INTO `mathilda_db`.`custom` (`photo`, `price`, `size`, `color_id`, `location_id`, `pattern_id`) VALUES ('petit_h_r.jpg', '5', 'Petit', '3', '3', '1');
INSERT INTO `mathilda_db`.`custom` (`photo`, `price`, `size`, `color_id`, `location_id`, `pattern_id`) VALUES ('petit_r_r.jpg', '5', 'Petit', '3', '3', '2');
INSERT INTO `mathilda_db`.`custom` (`photo`, `price`, `size`, `color_id`, `location_id`, `pattern_id`) VALUES ('petit_p_r.jpg', '5', 'Petit', '3', '3', '3');
INSERT INTO `mathilda_db`.`custom` (`photo`, `price`, `size`, `color_id`, `location_id`, `pattern_id`) VALUES ('petit_g_r.jpg', '5', 'Petit', '3', '3', '4');
INSERT INTO `mathilda_db`.`custom` (`photo`, `price`, `size`, `color_id`, `location_id`, `pattern_id`) VALUES ('petit_cp_r.jpg', '5', 'Petit', '3', '3', '5');
INSERT INTO `mathilda_db`.`custom` (`photo`, `price`, `size`, `color_id`, `location_id`, `pattern_id`) VALUES ('petit_h_r.jpg', '5', 'Petit', '3', '4', '1');
INSERT INTO `mathilda_db`.`custom` (`photo`, `price`, `size`, `color_id`, `location_id`, `pattern_id`) VALUES ('petit_r_r.jpg', '5', 'Petit', '3', '4', '2');
INSERT INTO `mathilda_db`.`custom` (`photo`, `price`, `size`, `color_id`, `location_id`, `pattern_id`) VALUES ('petit_p_r.jpg', '5', 'Petit', '3', '4', '3');
INSERT INTO `mathilda_db`.`custom` (`photo`, `price`, `size`, `color_id`, `location_id`, `pattern_id`) VALUES ('petit_g_r.jpg', '5', 'Petit', '3', '4', '4');
INSERT INTO `mathilda_db`.`custom` (`photo`, `price`, `size`, `color_id`, `location_id`, `pattern_id`) VALUES ('petit_cp_r.jpg', '5', 'Petit', '3', '4', '5');
INSERT INTO `mathilda_db`.`custom` (`photo`, `price`, `size`, `color_id`, `location_id`, `pattern_id`) VALUES ('petit_h_r.jpg', '5', 'Petit', '3', '5', '1');
INSERT INTO `mathilda_db`.`custom` (`photo`, `price`, `size`, `color_id`, `location_id`, `pattern_id`) VALUES ('petit_r_r.jpg', '5', 'Petit', '3', '5', '2');
INSERT INTO `mathilda_db`.`custom` (`photo`, `price`, `size`, `color_id`, `location_id`, `pattern_id`) VALUES ('petit_p_r.jpg', '5', 'Petit', '3', '5', '3');
INSERT INTO `mathilda_db`.`custom` (`photo`, `price`, `size`, `color_id`, `location_id`, `pattern_id`) VALUES ('petit_g_r.jpg', '5', 'Petit', '3', '5', '4');
INSERT INTO `mathilda_db`.`custom` (`photo`, `price`, `size`, `color_id`, `location_id`, `pattern_id`) VALUES ('petit_cp_r.jpg', '5', 'Petit', '3', '5', '5');
INSERT INTO `mathilda_db`.`custom` (`photo`, `price`, `size`, `color_id`, `location_id`, `pattern_id`) VALUES ('petit_h_r.jpg', '5', 'Petit', '3', '6', '1');
INSERT INTO `mathilda_db`.`custom` (`photo`, `price`, `size`, `color_id`, `location_id`, `pattern_id`) VALUES ('petit_r_r.jpg', '5', 'Petit', '3', '6', '2');
INSERT INTO `mathilda_db`.`custom` (`photo`, `price`, `size`, `color_id`, `location_id`, `pattern_id`) VALUES ('petit_p_r.jpg', '5', 'Petit', '3', '6', '3');
INSERT INTO `mathilda_db`.`custom` (`photo`, `price`, `size`, `color_id`, `location_id`, `pattern_id`) VALUES ('petit_g_r.jpg', '5', 'Petit', '3', '6', '4');
INSERT INTO `mathilda_db`.`custom` (`photo`, `price`, `size`, `color_id`, `location_id`, `pattern_id`) VALUES ('petit_cp_r.jpg', '5', 'Petit', '3', '6', '5');
INSERT INTO `mathilda_db`.`custom` (`photo`, `price`, `size`, `color_id`, `location_id`, `pattern_id`) VALUES ('grand_h_r.jpg', '30', 'Grand', '1', '1', '1');
INSERT INTO `mathilda_db`.`custom` (`photo`, `price`, `size`, `color_id`, `location_id`, `pattern_id`) VALUES ('grand_r_r.jpg', '30', 'Grand', '1', '1', '2');
INSERT INTO `mathilda_db`.`custom` (`photo`, `price`, `size`, `color_id`, `location_id`, `pattern_id`) VALUES ('grand_p_r.jpg', '30', 'Grand', '1', '1', '3');
INSERT INTO `mathilda_db`.`custom` (`photo`, `price`, `size`, `color_id`, `location_id`, `pattern_id`) VALUES ('grand_g_r.jpg', '30', 'Grand', '1', '1', '4');
INSERT INTO `mathilda_db`.`custom` (`photo`, `price`, `size`, `color_id`, `location_id`, `pattern_id`) VALUES ('grand_cp_r.jpg', '30', 'Grand', '1', '1', '5');
INSERT INTO `mathilda_db`.`custom` (`photo`, `price`, `size`, `color_id`, `location_id`, `pattern_id`) VALUES ('grand_h_r.jpg', '30', 'Grand', '1', '2', '1');
INSERT INTO `mathilda_db`.`custom` (`photo`, `price`, `size`, `color_id`, `location_id`, `pattern_id`) VALUES ('grand_r_r.jpg', '30', 'Grand', '1', '2', '2');
INSERT INTO `mathilda_db`.`custom` (`photo`, `price`, `size`, `color_id`, `location_id`, `pattern_id`) VALUES ('grand_p_r.jpg', '30', 'Grand', '1', '2', '3');
INSERT INTO `mathilda_db`.`custom` (`photo`, `price`, `size`, `color_id`, `location_id`, `pattern_id`) VALUES ('grand_g_r.jpg', '30', 'Grand', '1', '2', '4');
INSERT INTO `mathilda_db`.`custom` (`photo`, `price`, `size`, `color_id`, `location_id`, `pattern_id`) VALUES ('grand_cp_r.jpg', '30', 'Grand', '1', '2', '5');
INSERT INTO `mathilda_db`.`custom` (`photo`, `price`, `size`, `color_id`, `location_id`, `pattern_id`) VALUES ('grand_h_r.jpg', '30', 'Grand', '1', '3', '1');
INSERT INTO `mathilda_db`.`custom` (`photo`, `price`, `size`, `color_id`, `location_id`, `pattern_id`) VALUES ('grand_r_r.jpg', '30', 'Grand', '1', '3', '2');
INSERT INTO `mathilda_db`.`custom` (`photo`, `price`, `size`, `color_id`, `location_id`, `pattern_id`) VALUES ('grand_p_r.jpg', '30', 'Grand', '1', '3', '3');
INSERT INTO `mathilda_db`.`custom` (`photo`, `price`, `size`, `color_id`, `location_id`, `pattern_id`) VALUES ('grand_g_r.jpg', '30', 'Grand', '1', '3', '4');
INSERT INTO `mathilda_db`.`custom` (`photo`, `price`, `size`, `color_id`, `location_id`, `pattern_id`) VALUES ('grand_cp_r.jpg', '30', 'Grand', '1', '3', '5');
INSERT INTO `mathilda_db`.`custom` (`photo`, `price`, `size`, `color_id`, `location_id`, `pattern_id`) VALUES ('grand_h_r.jpg', '30', 'Grand', '1', '4', '1');
INSERT INTO `mathilda_db`.`custom` (`photo`, `price`, `size`, `color_id`, `location_id`, `pattern_id`) VALUES ('grand_r_r.jpg', '30', 'Grand', '1', '4', '2');
INSERT INTO `mathilda_db`.`custom` (`photo`, `price`, `size`, `color_id`, `location_id`, `pattern_id`) VALUES ('grand_p_r.jpg', '30', 'Grand', '1', '4', '3');
INSERT INTO `mathilda_db`.`custom` (`photo`, `price`, `size`, `color_id`, `location_id`, `pattern_id`) VALUES ('grand_g_r.jpg', '30', 'Grand', '1', '4', '4');
INSERT INTO `mathilda_db`.`custom` (`photo`, `price`, `size`, `color_id`, `location_id`, `pattern_id`) VALUES ('grand_cp_r.jpg', '30', 'Grand', '1', '4', '5');
INSERT INTO `mathilda_db`.`custom` (`photo`, `price`, `size`, `color_id`, `location_id`, `pattern_id`) VALUES ('grand_h_r.jpg', '30', 'Grand', '1', '5', '1');
INSERT INTO `mathilda_db`.`custom` (`photo`, `price`, `size`, `color_id`, `location_id`, `pattern_id`) VALUES ('grand_r_r.jpg', '30', 'Grand', '1', '5', '2');
INSERT INTO `mathilda_db`.`custom` (`photo`, `price`, `size`, `color_id`, `location_id`, `pattern_id`) VALUES ('grand_p_r.jpg', '30', 'Grand', '1', '5', '3');
INSERT INTO `mathilda_db`.`custom` (`photo`, `price`, `size`, `color_id`, `location_id`, `pattern_id`) VALUES ('grand_g_r.jpg', '30', 'Grand', '1', '5', '4');
INSERT INTO `mathilda_db`.`custom` (`photo`, `price`, `size`, `color_id`, `location_id`, `pattern_id`) VALUES ('grand_cp_r.jpg', '30', 'Grand', '1', '5', '5');
INSERT INTO `mathilda_db`.`custom` (`photo`, `price`, `size`, `color_id`, `location_id`, `pattern_id`) VALUES ('grand_h_r.jpg', '30', 'Grand', '1', '6', '1');
INSERT INTO `mathilda_db`.`custom` (`photo`, `price`, `size`, `color_id`, `location_id`, `pattern_id`) VALUES ('grand_r_r.jpg', '30', 'Grand', '1', '6', '2');
INSERT INTO `mathilda_db`.`custom` (`photo`, `price`, `size`, `color_id`, `location_id`, `pattern_id`) VALUES ('grand_p_r.jpg', '30', 'Grand', '1', '6', '3');
INSERT INTO `mathilda_db`.`custom` (`photo`, `price`, `size`, `color_id`, `location_id`, `pattern_id`) VALUES ('grand_g_r.jpg', '30', 'Grand', '1', '6', '4');
INSERT INTO `mathilda_db`.`custom` (`photo`, `price`, `size`, `color_id`, `location_id`, `pattern_id`) VALUES ('grand_cp_r.jpg', '30', 'Grand', '1', '6', '5');
INSERT INTO `mathilda_db`.`custom` (`photo`, `price`, `size`, `color_id`, `location_id`, `pattern_id`) VALUES ('grand_h_r.jpg', '30', 'Grand', '2', '1', '1');
INSERT INTO `mathilda_db`.`custom` (`photo`, `price`, `size`, `color_id`, `location_id`, `pattern_id`) VALUES ('grand_r_r.jpg', '30', 'Grand', '2', '1', '2');
INSERT INTO `mathilda_db`.`custom` (`photo`, `price`, `size`, `color_id`, `location_id`, `pattern_id`) VALUES ('grand_p_r.jpg', '30', 'Grand', '2', '1', '3');
INSERT INTO `mathilda_db`.`custom` (`photo`, `price`, `size`, `color_id`, `location_id`, `pattern_id`) VALUES ('grand_g_r.jpg', '30', 'Grand', '2', '1', '4');
INSERT INTO `mathilda_db`.`custom` (`photo`, `price`, `size`, `color_id`, `location_id`, `pattern_id`) VALUES ('grand_cp_r.jpg', '30', 'Grand', '2', '1', '5');
INSERT INTO `mathilda_db`.`custom` (`photo`, `price`, `size`, `color_id`, `location_id`, `pattern_id`) VALUES ('grand_h_r.jpg', '30', 'Grand', '2', '2', '1');
INSERT INTO `mathilda_db`.`custom` (`photo`, `price`, `size`, `color_id`, `location_id`, `pattern_id`) VALUES ('grand_r_r.jpg', '30', 'Grand', '2', '2', '2');
INSERT INTO `mathilda_db`.`custom` (`photo`, `price`, `size`, `color_id`, `location_id`, `pattern_id`) VALUES ('grand_p_r.jpg', '30', 'Grand', '2', '2', '3');
INSERT INTO `mathilda_db`.`custom` (`photo`, `price`, `size`, `color_id`, `location_id`, `pattern_id`) VALUES ('grand_g_r.jpg', '30', 'Grand', '2', '2', '4');
INSERT INTO `mathilda_db`.`custom` (`photo`, `price`, `size`, `color_id`, `location_id`, `pattern_id`) VALUES ('grand_cp_r.jpg', '30', 'Grand', '2', '2', '5');
INSERT INTO `mathilda_db`.`custom` (`photo`, `price`, `size`, `color_id`, `location_id`, `pattern_id`) VALUES ('grand_h_r.jpg', '30', 'Grand', '2', '3', '1');
INSERT INTO `mathilda_db`.`custom` (`photo`, `price`, `size`, `color_id`, `location_id`, `pattern_id`) VALUES ('grand_r_r.jpg', '30', 'Grand', '2', '3', '2');
INSERT INTO `mathilda_db`.`custom` (`photo`, `price`, `size`, `color_id`, `location_id`, `pattern_id`) VALUES ('grand_p_r.jpg', '30', 'Grand', '2', '3', '3');
INSERT INTO `mathilda_db`.`custom` (`photo`, `price`, `size`, `color_id`, `location_id`, `pattern_id`) VALUES ('grand_g_r.jpg', '30', 'Grand', '2', '3', '4');
INSERT INTO `mathilda_db`.`custom` (`photo`, `price`, `size`, `color_id`, `location_id`, `pattern_id`) VALUES ('grand_cp_r.jpg', '30', 'Grand', '2', '3', '5');
INSERT INTO `mathilda_db`.`custom` (`photo`, `price`, `size`, `color_id`, `location_id`, `pattern_id`) VALUES ('grand_h_r.jpg', '30', 'Grand', '2', '4', '1');
INSERT INTO `mathilda_db`.`custom` (`photo`, `price`, `size`, `color_id`, `location_id`, `pattern_id`) VALUES ('grand_r_r.jpg', '30', 'Grand', '2', '4', '2');
INSERT INTO `mathilda_db`.`custom` (`photo`, `price`, `size`, `color_id`, `location_id`, `pattern_id`) VALUES ('grand_p_r.jpg', '30', 'Grand', '2', '4', '3');
INSERT INTO `mathilda_db`.`custom` (`photo`, `price`, `size`, `color_id`, `location_id`, `pattern_id`) VALUES ('grand_g_r.jpg', '30', 'Grand', '2', '4', '4');
INSERT INTO `mathilda_db`.`custom` (`photo`, `price`, `size`, `color_id`, `location_id`, `pattern_id`) VALUES ('grand_cp_r.jpg', '30', 'Grand', '2', '4', '5');
INSERT INTO `mathilda_db`.`custom` (`photo`, `price`, `size`, `color_id`, `location_id`, `pattern_id`) VALUES ('grand_h_r.jpg', '30', 'Grand', '2', '5', '1');
INSERT INTO `mathilda_db`.`custom` (`photo`, `price`, `size`, `color_id`, `location_id`, `pattern_id`) VALUES ('grand_r_r.jpg', '30', 'Grand', '2', '5', '2');
INSERT INTO `mathilda_db`.`custom` (`photo`, `price`, `size`, `color_id`, `location_id`, `pattern_id`) VALUES ('grand_p_r.jpg', '30', 'Grand', '2', '5', '3');
INSERT INTO `mathilda_db`.`custom` (`photo`, `price`, `size`, `color_id`, `location_id`, `pattern_id`) VALUES ('grand_g_r.jpg', '30', 'Grand', '2', '5', '4');
INSERT INTO `mathilda_db`.`custom` (`photo`, `price`, `size`, `color_id`, `location_id`, `pattern_id`) VALUES ('grand_cp_r.jpg', '30', 'Grand', '2', '5', '5');
INSERT INTO `mathilda_db`.`custom` (`photo`, `price`, `size`, `color_id`, `location_id`, `pattern_id`) VALUES ('grand_h_r.jpg', '30', 'Grand', '2', '6', '1');
INSERT INTO `mathilda_db`.`custom` (`photo`, `price`, `size`, `color_id`, `location_id`, `pattern_id`) VALUES ('grand_r_r.jpg', '30', 'Grand', '2', '6', '2');
INSERT INTO `mathilda_db`.`custom` (`photo`, `price`, `size`, `color_id`, `location_id`, `pattern_id`) VALUES ('grand_p_r.jpg', '30', 'Grand', '2', '6', '3');
INSERT INTO `mathilda_db`.`custom` (`photo`, `price`, `size`, `color_id`, `location_id`, `pattern_id`) VALUES ('grand_g_r.jpg', '30', 'Grand', '2', '6', '4');
INSERT INTO `mathilda_db`.`custom` (`photo`, `price`, `size`, `color_id`, `location_id`, `pattern_id`) VALUES ('grand_cp_r.jpg', '30', 'Grand', '2', '6', '5');
INSERT INTO `mathilda_db`.`custom` (`photo`, `price`, `size`, `color_id`, `location_id`, `pattern_id`) VALUES ('grand_h_r.jpg', '30', 'Grand', '3', '1', '1');
INSERT INTO `mathilda_db`.`custom` (`photo`, `price`, `size`, `color_id`, `location_id`, `pattern_id`) VALUES ('grand_r_r.jpg', '30', 'Grand', '3', '1', '2');
INSERT INTO `mathilda_db`.`custom` (`photo`, `price`, `size`, `color_id`, `location_id`, `pattern_id`) VALUES ('grand_p_r.jpg', '30', 'Grand', '3', '1', '3');
INSERT INTO `mathilda_db`.`custom` (`photo`, `price`, `size`, `color_id`, `location_id`, `pattern_id`) VALUES ('grand_g_r.jpg', '30', 'Grand', '3', '1', '4');
INSERT INTO `mathilda_db`.`custom` (`photo`, `price`, `size`, `color_id`, `location_id`, `pattern_id`) VALUES ('grand_cp_r.jpg', '30', 'Grand', '3', '1', '5');
INSERT INTO `mathilda_db`.`custom` (`photo`, `price`, `size`, `color_id`, `location_id`, `pattern_id`) VALUES ('grand_h_r.jpg', '30', 'Grand', '3', '2', '1');
INSERT INTO `mathilda_db`.`custom` (`photo`, `price`, `size`, `color_id`, `location_id`, `pattern_id`) VALUES ('grand_r_r.jpg', '30', 'Grand', '3', '2', '2');
INSERT INTO `mathilda_db`.`custom` (`photo`, `price`, `size`, `color_id`, `location_id`, `pattern_id`) VALUES ('grand_p_r.jpg', '30', 'Grand', '3', '2', '3');
INSERT INTO `mathilda_db`.`custom` (`photo`, `price`, `size`, `color_id`, `location_id`, `pattern_id`) VALUES ('grand_g_r.jpg', '30', 'Grand', '3', '2', '4');
INSERT INTO `mathilda_db`.`custom` (`photo`, `price`, `size`, `color_id`, `location_id`, `pattern_id`) VALUES ('grand_cp_r.jpg', '30', 'Grand', '3', '2', '5');
INSERT INTO `mathilda_db`.`custom` (`photo`, `price`, `size`, `color_id`, `location_id`, `pattern_id`) VALUES ('grand_h_r.jpg', '30', 'Grand', '3', '3', '1');
INSERT INTO `mathilda_db`.`custom` (`photo`, `price`, `size`, `color_id`, `location_id`, `pattern_id`) VALUES ('grand_r_r.jpg', '30', 'Grand', '3', '3', '2');
INSERT INTO `mathilda_db`.`custom` (`photo`, `price`, `size`, `color_id`, `location_id`, `pattern_id`) VALUES ('grand_p_r.jpg', '30', 'Grand', '3', '3', '3');
INSERT INTO `mathilda_db`.`custom` (`photo`, `price`, `size`, `color_id`, `location_id`, `pattern_id`) VALUES ('grand_g_r.jpg', '30', 'Grand', '3', '3', '4');
INSERT INTO `mathilda_db`.`custom` (`photo`, `price`, `size`, `color_id`, `location_id`, `pattern_id`) VALUES ('grand_cp_r.jpg', '30', 'Grand', '3', '3', '5');
INSERT INTO `mathilda_db`.`custom` (`photo`, `price`, `size`, `color_id`, `location_id`, `pattern_id`) VALUES ('grand_h_r.jpg', '30', 'Grand', '3', '4', '1');
INSERT INTO `mathilda_db`.`custom` (`photo`, `price`, `size`, `color_id`, `location_id`, `pattern_id`) VALUES ('grand_r_r.jpg', '30', 'Grand', '3', '4', '2');
INSERT INTO `mathilda_db`.`custom` (`photo`, `price`, `size`, `color_id`, `location_id`, `pattern_id`) VALUES ('grand_p_r.jpg', '30', 'Grand', '3', '4', '3');
INSERT INTO `mathilda_db`.`custom` (`photo`, `price`, `size`, `color_id`, `location_id`, `pattern_id`) VALUES ('grand_g_r.jpg', '30', 'Grand', '3', '4', '4');
INSERT INTO `mathilda_db`.`custom` (`photo`, `price`, `size`, `color_id`, `location_id`, `pattern_id`) VALUES ('grand_cp_r.jpg', '30', 'Grand', '3', '4', '5');
INSERT INTO `mathilda_db`.`custom` (`photo`, `price`, `size`, `color_id`, `location_id`, `pattern_id`) VALUES ('grand_h_r.jpg', '30', 'Grand', '3', '5', '1');
INSERT INTO `mathilda_db`.`custom` (`photo`, `price`, `size`, `color_id`, `location_id`, `pattern_id`) VALUES ('grand_r_r.jpg', '30', 'Grand', '3', '5', '2');
INSERT INTO `mathilda_db`.`custom` (`photo`, `price`, `size`, `color_id`, `location_id`, `pattern_id`) VALUES ('grand_p_r.jpg', '30', 'Grand', '3', '5', '3');
INSERT INTO `mathilda_db`.`custom` (`photo`, `price`, `size`, `color_id`, `location_id`, `pattern_id`) VALUES ('grand_g_r.jpg', '30', 'Grand', '3', '5', '4');
INSERT INTO `mathilda_db`.`custom` (`photo`, `price`, `size`, `color_id`, `location_id`, `pattern_id`) VALUES ('grand_cp_r.jpg', '30', 'Grand', '3', '5', '5');
INSERT INTO `mathilda_db`.`custom` (`photo`, `price`, `size`, `color_id`, `location_id`, `pattern_id`) VALUES ('grand_h_r.jpg', '30', 'Grand', '3', '6', '1');
INSERT INTO `mathilda_db`.`custom` (`photo`, `price`, `size`, `color_id`, `location_id`, `pattern_id`) VALUES ('grand_r_r.jpg', '30', 'Grand', '3', '6', '2');
INSERT INTO `mathilda_db`.`custom` (`photo`, `price`, `size`, `color_id`, `location_id`, `pattern_id`) VALUES ('grand_p_r.jpg', '30', 'Grand', '3', '6', '3');
INSERT INTO `mathilda_db`.`custom` (`photo`, `price`, `size`, `color_id`, `location_id`, `pattern_id`) VALUES ('grand_g_r.jpg', '30', 'Grand', '3', '6', '4');
INSERT INTO `mathilda_db`.`custom` (`photo`, `price`, `size`, `color_id`, `location_id`, `pattern_id`) VALUES ('grand_cp_r.jpg', '30', 'Grand', '3', '6', '5');
